<?xml version="1.0" encoding="UTF-8"?>
<project-private xmlns="http://www.netbeans.org/ns/project-private/1">
    <editor-bookmarks xmlns="http://www.netbeans.org/ns/editor-bookmarks/2" lastBookmarkId="0"/>
    <open-files xmlns="http://www.netbeans.org/ns/projectui-open-files/2">
        <group>
            <file>file:/C:/Users/dell/Dropbox/ID2209/HW/HW1/HomeWork1/src/homework1/User.java</file>
            <file>file:/C:/Users/dell/Dropbox/ID2209/HW/HW1/HomeWork1/src/homework1/museum2.txt</file>
            <file>file:/C:/Users/dell/Dropbox/ID2209/HW/HW1/HomeWork1/src/homework1/userprofile.txt</file>
            <file>file:/C:/Users/dell/Dropbox/ID2209/HW/HW1/HomeWork1/src/homework1/DFSearch.java</file>
            <file>file:/C:/Users/dell/Dropbox/ID2209/HW/HW1/HomeWork1/src/homework1/ProfilerGui.java</file>
            <file>file:/C:/Users/dell/Dropbox/ID2209/HW/HW1/HomeWork1/src/homework1/Artifact.java</file>
            <file>file:/C:/Users/dell/Dropbox/ID2209/HW/HW1/HomeWork1/src/homework1/Museum.java</file>
            <file>file:/C:/Users/dell/Dropbox/ID2209/HW/HW1/HomeWork1/src/homework1/MTPs-Main-Container.txt</file>
            <file>file:/C:/Users/dell/Dropbox/ID2209/HW/HW1/HomeWork1/src/homework1/museum3.txt</file>
            <file>file:/C:/Users/dell/Dropbox/ID2209/HW/HW1/HomeWork1/src/homework1/Curator.java</file>
            <file>file:/C:/Users/dell/Dropbox/ID2209/HW/HW1/HomeWork1/src/homework1/Profiler.java</file>
            <file>file:/C:/Users/dell/Dropbox/ID2209/HW/HW1/HomeWork1/src/homework1/MyDFReg.java</file>
            <file>file:/C:/Users/dell/Dropbox/ID2209/HW/HW1/HomeWork1/src/homework1/museum1.txt</file>
            <file>file:/C:/Users/dell/Dropbox/ID2209/HW/HW1/HomeWork1/src/homework1/TourGuideAgent.java</file>
        </group>
    </open-files>
</project-private>
