<?xml version="1.0" encoding="UTF-8"?>
<project-private xmlns="http://www.netbeans.org/ns/project-private/1">
    <editor-bookmarks xmlns="http://www.netbeans.org/ns/editor-bookmarks/2" lastBookmarkId="0"/>
    <open-files xmlns="http://www.netbeans.org/ns/projectui-open-files/2">
        <group>
            <file>file:/C:/Users/dell/Dropbox/ID2209/HW/HW1/HomeWork1/src/homework1/User.java</file>
            <file>file:/C:/Users/dell/Dropbox/ID2209/HW/HW1/HomeWork1/src/homework1/Curator.java</file>
            <file>file:/C:/Users/dell/Dropbox/ID2209/HW/HW1/HomeWork1/src/homework1/Profiler.java</file>
            <file>file:/C:/Users/dell/Dropbox/ID2209/HW/HW1/HomeWork1/src/homework1/TourGuide.java</file>
            <file>file:/C:/Users/dell/Dropbox/ID2209/HW/HW1/HomeWork1/src/homework1/ProfilerGui.java</file>
            <file>file:/C:/Users/dell/Dropbox/ID2209/HW/HW1/HomeWork1/src/homework1/HomeWork1.java</file>
        </group>
    </open-files>
</project-private>
