<?xml version="1.0" encoding="UTF-8"?>
<project-private xmlns="http://www.netbeans.org/ns/project-private/1">
    <editor-bookmarks xmlns="http://www.netbeans.org/ns/editor-bookmarks/2" lastBookmarkId="0"/>
    <open-files xmlns="http://www.netbeans.org/ns/projectui-open-files/2">
        <group>
            <file>file:/C:/Users/dell/Dropbox/ID2209/HW/HW3/HW3task2/src/hw3task2/Curator.java</file>
            <file>file:/C:/Users/dell/Dropbox/ID2209/HW/HW3/HW3task2/src/hw3task2/Simple.java</file>
            <file>file:/C:/Users/dell/Dropbox/ID2209/HW/HW3/HW3task2/src/hw3task2/ArtistManager.java</file>
            <file>file:/C:/Users/dell/Dropbox/ID2209/HW/HW3/HW3task2/src/hw3task2/AdditionalPerformatives.java</file>
        </group>
    </open-files>
</project-private>
