<?xml version="1.0" encoding="UTF-8"?>
<project-private xmlns="http://www.netbeans.org/ns/project-private/1">
    <editor-bookmarks xmlns="http://www.netbeans.org/ns/editor-bookmarks/2" lastBookmarkId="0"/>
    <open-files xmlns="http://www.netbeans.org/ns/projectui-open-files/2">
        <group>
            <file>file:/C:/Users/dell/Dropbox/ID2209/HW/HW2/HW2/src/hw2/Buyer2.java</file>
            <file>file:/C:/Users/dell/Dropbox/ID2209/HW/HW2/HW2/src/hw2/HW2.java</file>
            <file>file:/C:/Users/dell/Dropbox/ID2209/HW/HW2/HW2/src/hw2/AdditionalPerformatives.java</file>
            <file>file:/C:/Users/dell/Dropbox/ID2209/HW/HW2/HW2/src/hw2/Seller1.java</file>
            <file>file:/C:/Users/dell/Dropbox/ID2209/HW/HW2/HW2/src/hw2/ArtistManager.java</file>
            <file>file:/C:/Users/dell/Dropbox/ID2209/HW/HW2/HW2/src/hw2/Curator.java</file>
            <file>file:/C:/Users/dell/Dropbox/ID2209/HW/HW2/HW2/src/hw2/Buyer1.java</file>
        </group>
    </open-files>
</project-private>
