<?xml version="1.0" encoding="UTF-8"?>
<project-private xmlns="http://www.netbeans.org/ns/project-private/1">
    <editor-bookmarks xmlns="http://www.netbeans.org/ns/editor-bookmarks/2" lastBookmarkId="0"/>
    <open-files xmlns="http://www.netbeans.org/ns/projectui-open-files/2">
        <group>
            <file>file:/C:/Users/dell/Dropbox/ID2209/HW/HW3/HW3Task1/src/hw3task1/HW3.java</file>
            <file>file:/C:/Users/dell/Dropbox/ID2209/HW/HW3/HW3Task1/src/hw3task1/Board.java</file>
            <file>file:/C:/Users/dell/Dropbox/ID2209/HW/HW3/HW3Task1/src/hw3task1/Move.java</file>
            <file>file:/C:/Users/dell/Dropbox/ID2209/HW/HW3/HW3Task1/src/hw3task1/QueenAgent.java</file>
            <file>file:/C:/Users/dell/Dropbox/ID2209/HW/HW3/HW3Task1/src/hw3task1/Tuple.java</file>
        </group>
    </open-files>
</project-private>
